{
  "n_runs": 48,
  "performance_curve": {
    "1": {
      "n_runs": 12,
      "mean_score": 0.9791666666666666,
      "sd_score": 0.07216878364870322,
      "all_passed_rate": 0.9166666666666666,
      "mean_cost": 1.065237275
    },
    "2": {
      "n_runs": 12,
      "mean_score": 0.875,
      "sd_score": 0.2919371040605711,
      "all_passed_rate": 0.75,
      "mean_cost": 2.748938575
    },
    "3": {
      "n_runs": 12,
      "mean_score": 0.9375,
      "sd_score": 0.11306675421666136,
      "all_passed_rate": 0.75,
      "mean_cost": 4.966124574999999
    },
    "4": {
      "n_runs": 12,
      "mean_score": 0.9375,
      "sd_score": 0.11306675421666136,
      "all_passed_rate": 0.75,
      "mean_cost": 7.0184821
    }
  },
  "cost_fit_comm": {
    "target": "dollar_cost[comm]",
    "model": "y(N) = alpha*N + beta*N^2",
    "alpha": 1.0993141413990841,
    "alpha_se": 0.4029350309141204,
    "alpha_ci95": [
      0.3095614808074081,
      1.8890668019907602
    ],
    "beta": 0.16757645630733897,
    "beta_se": 0.11549060929651493,
    "beta_ci95": [
      -0.05878513791383028,
      0.3939380505285082
    ],
    "beta_superlinear": false,
    "r2": 0.9227438260229983,
    "n": 36,
    "dof": 34,
    "crit_method": "z-large-df"
  },
  "cost_fit_nocomm": {
    "error": "not enough points / N-levels to fit",
    "target": "dollar_cost[nocomm]",
    "n": 12
  },
  "comm_fit": {
    "target": "comm_usd[comm]",
    "model": "y(N) = alpha*N + beta*N^2",
    "alpha": 0.15249875385448597,
    "alpha_se": 0.258041154944922,
    "alpha_ci95": [
      -0.3532619098375612,
      0.6582594175465332
    ],
    "beta": 0.07054256791397773,
    "beta_se": 0.07396063365490098,
    "beta_ci95": [
      -0.0744202740496282,
      0.21550540987758365
    ],
    "beta_superlinear": false,
    "r2": 0.6199394552018275,
    "n": 36,
    "dof": 34,
    "crit_method": "z-large-df"
  },
  "tax_fit": {
    "error": "not enough points / N-levels to fit",
    "target": "tax(dollar_cost)",
    "n": 0
  },
  "cost_curve": {
    "N1_nocomm": {
      "dollar_cost": {
        "n": 12,
        "mean": 1.065237275,
        "sd": 0.9315692310173558
      },
      "comm_usd": {
        "n": 12,
        "mean": 0.0,
        "sd": 0.0
      }
    },
    "N2_comm": {
      "dollar_cost": {
        "n": 12,
        "mean": 2.748938575,
        "sd": 1.3114965016891518
      },
      "comm_usd": {
        "n": 12,
        "mean": 0.3763940715307667,
        "sd": 0.30648261720261555
      }
    },
    "N3_comm": {
      "dollar_cost": {
        "n": 12,
        "mean": 4.966124574999999,
        "sd": 1.6331595723185945
      },
      "comm_usd": {
        "n": 12,
        "mean": 1.3734109832347539,
        "sd": 1.4356450584391638
      }
    },
    "N4_comm": {
      "dollar_cost": {
        "n": 12,
        "mean": 7.0184821,
        "sd": 1.7329423422291053
      },
      "comm_usd": {
        "n": 12,
        "mean": 1.6332892481245345,
        "sd": 0.8652489177785271
      }
    }
  },
  "per_pool_cost_fits": {
    "per_pool": {
      "dspy_task/task8394/f1_f2_f4_f5": {
        "target": "dollar_cost[comm]",
        "model": "y(N) = alpha*N + beta*N^2",
        "alpha": 2.697420887614676,
        "alpha_se": 0.18131305688516564,
        "alpha_ci95": [
          2.2686155080812593,
          3.126226267148093
        ],
        "beta": -0.08563115091743256,
        "beta_se": 0.051968565169367195,
        "beta_ci95": [
          -0.20853680754298598,
          0.03727450570812087
        ],
        "beta_superlinear": false,
        "r2": 0.9983096140958552,
        "n": 9,
        "dof": 7,
        "crit_method": "t-table"
      },
      "openai_tiktoken_task/task0/f1_f2_f3_f4": {
        "target": "dollar_cost[comm]",
        "model": "y(N) = alpha*N + beta*N^2",
        "alpha": 0.8249025155963317,
        "alpha_se": 0.2600811531394352,
        "alpha_ci95": [
          0.2098105884215674,
          1.4399944427710958
        ],
        "beta": 0.14181987522935735,
        "beta_se": 0.07454534487723778,
        "beta_ci95": [
          -0.034479865405310006,
          0.3181196158640247
        ],
        "beta_superlinear": false,
        "r2": 0.9884379617699696,
        "n": 9,
        "dof": 7,
        "crit_method": "t-table"
      },
      "pallets_jinja_task/task1465/f1_f2_f3_f4": {
        "target": "dollar_cost[comm]",
        "model": "y(N) = alpha*N + beta*N^2",
        "alpha": 0.13163830963302559,
        "alpha_se": 0.5116396405614789,
        "alpha_ci95": [
          -1.0783894402948722,
          1.3416660595609233
        ],
        "beta": 0.3896261729357793,
        "beta_se": 0.14664789431348588,
        "beta_ci95": [
          0.042803902884385125,
          0.7364484429871734
        ],
        "beta_superlinear": true,
        "r2": 0.9659706322758753,
        "n": 9,
        "dof": 7,
        "crit_method": "t-table"
      },
      "pallets_jinja_task/task1621/f1_f5_f6_f9": {
        "target": "dollar_cost[comm]",
        "model": "y(N) = alpha*N + beta*N^2",
        "alpha": 0.7432948527522925,
        "alpha_se": 0.3269185323423363,
        "alpha_ci95": [
          -0.02986747623733299,
          1.516457181741918
        ],
        "beta": 0.22449092798165182,
        "beta_se": 0.09370250187699856,
        "beta_ci95": [
          0.002884511042550192,
          0.4460973449207535
        ],
        "beta_superlinear": true,
        "r2": 0.986366098773206,
        "n": 9,
        "dof": 7,
        "crit_method": "t-table"
      }
    },
    "aggregate_beta": {
      "n_pools_fit": 4,
      "beta_mean": 0.16757645630733897,
      "beta_sd": 0.19775643905745743,
      "beta_se": 0.09887821952872872
    }
  },
  "failure_mix": {
    "all": {
      "1": {
        "n_runs": 12,
        "success": 0.0,
        "capability_fail": 0.0,
        "merge_conflict": 0.0,
        "merged_but_tests_fail": 0.0
      },
      "2": {
        "n_runs": 12,
        "success": 0.0,
        "capability_fail": 0.0,
        "merge_conflict": 0.0,
        "merged_but_tests_fail": 0.0
      },
      "3": {
        "n_runs": 12,
        "success": 0.0,
        "capability_fail": 0.0,
        "merge_conflict": 0.0,
        "merged_but_tests_fail": 0.0
      },
      "4": {
        "n_runs": 12,
        "success": 0.0,
        "capability_fail": 0.0,
        "merge_conflict": 0.0,
        "merged_but_tests_fail": 0.0
      }
    },
    "comm": {
      "2": {
        "n_runs": 12,
        "success": 0.0,
        "capability_fail": 0.0,
        "merge_conflict": 0.0,
        "merged_but_tests_fail": 0.0
      },
      "3": {
        "n_runs": 12,
        "success": 0.0,
        "capability_fail": 0.0,
        "merge_conflict": 0.0,
        "merged_but_tests_fail": 0.0
      },
      "4": {
        "n_runs": 12,
        "success": 0.0,
        "capability_fail": 0.0,
        "merge_conflict": 0.0,
        "merged_but_tests_fail": 0.0
      }
    },
    "nocomm": {
      "1": {
        "n_runs": 12,
        "success": 0.0,
        "capability_fail": 0.0,
        "merge_conflict": 0.0,
        "merged_but_tests_fail": 0.0
      }
    }
  },
  "driver_regression": {
    "overall": {
      "error": "singular design",
      "n": 48
    },
    "per_N": {
      "1": {
        "error": "singular design",
        "n": 12
      },
      "2": {
        "error": "singular design",
        "n": 12
      },
      "3": {
        "error": "singular design",
        "n": 12
      },
      "4": {
        "error": "singular design",
        "n": 12
      }
    },
    "dominant_by_N": {},
    "shifts_with_N": null
  }
}