{
  "kept": [
    "dottxt_ai_outlines/1371/1,2",
    "dottxt_ai_outlines/1655/8,10",
    "dspy/8394/3,5",
    "dspy/8587/4,5",
    "dspy/8635/1,3",
    "huggingface_datasets/3997/1,5",
    "llama_index/17070/1,3",
    "llama_index/17244/3,5",
    "openai_tiktoken/0/2,6",
    "pallets_click/2068/1,6",
    "pallets_click/2800/1,7",
    "pallets_jinja/1465/1,8",
    "pallets_jinja/1559/2,4",
    "pallets_jinja/1621/1,6",
    "pillow/25/3,4",
    "pillow/68/2,3",
    "pillow/290/3,4",
    "samuelcolvin_dirty_equals/43/5,7"
  ],
  "dropped": [
    [
      "llama_index/18813/1,3",
      "ceiling (control both 93% > 60%)"
    ],
    [
      "pallets_click/2956/3,6",
      "ceiling (control both 73% > 60%)"
    ]
  ],
  "perarm": {
    "nano_control": {
      "n": 270,
      "applied": 241,
      "mergeok": 36,
      "both": 5,
      "mok_ci": [
        0.09788729149770689,
        0.1790669769552966
      ],
      "both_ci": [
        0.00793518120962313,
        0.04261082787007842
      ]
    },
    "nano_msg": {
      "n": 270,
      "applied": 223,
      "mergeok": 57,
      "both": 8,
      "mok_ci": [
        0.166658300923678,
        0.26366930452414294
      ],
      "both_ci": [
        0.015088552659170825,
        0.05736793313407607
      ]
    },
    "nano_struct": {
      "n": 270,
      "applied": 240,
      "mergeok": 43,
      "both": 8,
      "mok_ci": [
        0.12043646446567467,
        0.207642249652268
      ],
      "both_ci": [
        0.015088552659170825,
        0.05736793313407607
      ]
    },
    "nano_handshake": {
      "n": 270,
      "applied": 252,
      "mergeok": 54,
      "both": 28,
      "mok_ci": [
        0.15664513643657513,
        0.25177199229770053
      ],
      "both_ci": [
        0.07272755859573751,
        0.14579877195447838
      ]
    },
    "nano_dc": {
      "n": 88,
      "applied": 76,
      "mergeok": 16,
      "both": 51,
      "mok_ci": [
        0.11513001885470897,
        0.2751245063277792
      ],
      "both_ci": [
        0.47520562869626837,
        0.6772307400081098
      ]
    },
    "nano_coauthor": {
      "n": 89,
      "applied": 84,
      "mergeok": 69,
      "both": 61,
      "mok_ci": [
        0.6782244712364706,
        0.8495561788169538
      ],
      "both_ci": [
        0.58295307963674,
        0.7724910316237295
      ]
    }
  },
  "taxonomy": {
    "nano_control": {
      "pass": 5,
      "solo_rescue": 0,
      "functional_fail": 2,
      "textual_conflict": 234,
      "missing_patch": 29,
      "unknown": 0
    },
    "nano_msg": {
      "pass": 7,
      "solo_rescue": 1,
      "functional_fail": 3,
      "textual_conflict": 212,
      "missing_patch": 47,
      "unknown": 0
    },
    "nano_struct": {
      "pass": 8,
      "solo_rescue": 0,
      "functional_fail": 5,
      "textual_conflict": 227,
      "missing_patch": 30,
      "unknown": 0
    },
    "nano_handshake": {
      "pass": 28,
      "solo_rescue": 0,
      "functional_fail": 8,
      "textual_conflict": 216,
      "missing_patch": 18,
      "unknown": 0
    },
    "nano_dc": {
      "pass": 4,
      "solo_rescue": 38,
      "functional_fail": 0,
      "textual_conflict": 34,
      "missing_patch": 12,
      "unknown": 0
    },
    "nano_coauthor": {
      "pass": 55,
      "solo_rescue": 5,
      "functional_fail": 9,
      "textual_conflict": 15,
      "missing_patch": 5,
      "unknown": 0
    }
  },
  "primary_holm": {
    "coauthor_overlap vs control": 3.1153020113281597e-29,
    "coauthor_overlap vs plan_handshake": 9.067605735015205e-24,
    "coauthor_overlap vs designated_coder": 1.3612065958882874e-13,
    "free-text vs control": 0.10519596333744831,
    "plan_handshake vs control": 0.15859727175943683,
    "designated_coder vs control": 1.0,
    "semi_structured vs control": 1.0,
    "designated_coder vs plan_handshake": 1.0
  },
  "secondary_holm": {
    "coauthor_overlap vs control": 3.727351568070605e-43,
    "designated_coder vs control": 1.096047970751697e-35,
    "coauthor_overlap vs plan_handshake": 2.4065434879207989e-29,
    "designated_coder vs plan_handshake": 3.905291546332548e-23,
    "plan_handshake vs control": 8.133281446154737e-05,
    "coauthor_overlap vs designated_coder": 0.4757039920210512,
    "free-text vs control": 1.0,
    "semi_structured vs control": 1.0
  }
}