{
  "n_runs": 72,
  "performance_curve": {
    "1": {
      "n_runs": 24,
      "mean_score": 0.9444444444444445,
      "sd_score": 0.12689783127114684,
      "all_passed_rate": 0.8333333333333334,
      "mean_cost": 0.4926033875
    },
    "2": {
      "n_runs": 24,
      "mean_score": 0.9444444444444445,
      "sd_score": 0.1605144707810256,
      "all_passed_rate": 0.875,
      "mean_cost": 1.5247912125
    },
    "3": {
      "n_runs": 24,
      "mean_score": 0.8472222222222222,
      "sd_score": 0.2945424137443773,
      "all_passed_rate": 0.75,
      "mean_cost": 2.9072667875
    }
  },
  "cost_fit_comm": {
    "target": "dollar_cost[comm]",
    "model": "y(N) = alpha*N + beta*N^2",
    "alpha": 0.34900896041666485,
    "alpha_se": 0.3390511482147645,
    "alpha_ci95": [
      -0.3155312900842736,
      1.0135492109176032
    ],
    "beta": 0.20669332291666542,
    "beta_se": 0.12412264696017207,
    "beta_ci95": [
      -0.03658706512527182,
      0.44997371095860267
    ],
    "beta_superlinear": false,
    "r2": 0.8459510341467893,
    "n": 48,
    "dof": 46,
    "crit_method": "z-large-df"
  },
  "cost_fit_nocomm": {
    "error": "not enough points / N-levels to fit",
    "target": "dollar_cost[nocomm]",
    "n": 24
  },
  "comm_fit": {
    "target": "comm_usd[comm]",
    "model": "y(N) = alpha*N + beta*N^2",
    "alpha": 0.09179066489767074,
    "alpha_se": 0.1476593989819733,
    "alpha_ci95": [
      -0.19762175710699692,
      0.3812030869023384
    ],
    "beta": 0.029339230882556855,
    "beta_se": 0.0540563733427656,
    "beta_ci95": [
      -0.07661126086926372,
      0.13528972263437744
    ],
    "beta_superlinear": false,
    "r2": 0.5061780819710124,
    "n": 48,
    "dof": 46,
    "crit_method": "z-large-df"
  },
  "tax_fit": {
    "error": "not enough points / N-levels to fit",
    "target": "tax(dollar_cost)",
    "n": 0
  },
  "cost_curve": {
    "N1_nocomm": {
      "dollar_cost": {
        "n": 24,
        "mean": 0.4926033875,
        "sd": 0.33544682829335754
      },
      "comm_usd": {
        "n": 24,
        "mean": 0.0,
        "sd": 0.0
      }
    },
    "N2_comm": {
      "dollar_cost": {
        "n": 24,
        "mean": 1.5247912125,
        "sd": 0.6600045738634249
      },
      "comm_usd": {
        "n": 24,
        "mean": 0.3009382533255693,
        "sd": 0.42910244166439393
      }
    },
    "N3_comm": {
      "dollar_cost": {
        "n": 24,
        "mean": 2.9072667875,
        "sd": 1.269749676244102
      },
      "comm_usd": {
        "n": 24,
        "mean": 0.5394250726360242,
        "sd": 0.45197841502868336
      }
    }
  },
  "per_pool_cost_fits": {
    "per_pool": {
      "dottxt_ai_outlines_task/task1371/f1_f2_f3": {
        "target": "dollar_cost[comm]",
        "model": "y(N) = alpha*N + beta*N^2",
        "alpha": -0.04450083750000289,
        "alpha_se": 0.5841541172400366,
        "alpha_ci95": [
          -1.4739259623863725,
          1.3849242873863667
        ],
        "beta": 0.568243837499999,
        "beta_se": 0.21385196790010047,
        "beta_ci95": [
          0.04494807204845308,
          1.0915396029515447
        ],
        "beta_superlinear": true,
        "r2": 0.9749524240079745,
        "n": 8,
        "dof": 6,
        "crit_method": "t-table"
      },
      "dottxt_ai_outlines_task/task1655/f2_f4_f5": {
        "target": "dollar_cost[comm]",
        "model": "y(N) = alpha*N + beta*N^2",
        "alpha": 0.2842870750000017,
        "alpha_se": 0.11529700700596399,
        "alpha_ci95": [
          0.0021552988564078612,
          0.5664188511435956
        ],
        "beta": 0.030060849999999917,
        "beta_se": 0.04220888137827743,
        "beta_ci95": [
          -0.07322428273264495,
          0.13334598273264478
        ],
        "beta_superlinear": false,
        "r2": 0.983239068845677,
        "n": 8,
        "dof": 6,
        "crit_method": "t-table"
      },
      "dspy_task/task8635/f1_f3_f4": {
        "target": "dollar_cost[comm]",
        "model": "y(N) = alpha*N + beta*N^2",
        "alpha": 1.155473750000013,
        "alpha_se": 0.15615313291991664,
        "alpha_ci95": [
          0.773367033744977,
          1.537580466255049
        ],
        "beta": -0.0012460000000018567,
        "beta_se": 0.05716582967259691,
        "beta_ci95": [
          -0.1411307852088465,
          0.1386387852088428
        ],
        "beta_superlinear": false,
        "r2": 0.9968632438057449,
        "n": 8,
        "dof": 6,
        "crit_method": "t-table"
      },
      "llama_index_task/task17070/f1_f2_f3": {
        "target": "dollar_cost[comm]",
        "model": "y(N) = alpha*N + beta*N^2",
        "alpha": -0.03691418750000253,
        "alpha_se": 0.23934605373329818,
        "alpha_ci95": [
          -0.6225939809853832,
          0.5487656059853782
        ],
        "beta": 0.28892271250000157,
        "beta_se": 0.08762178180275766,
        "beta_ci95": [
          0.07451221242865355,
          0.5033332125713496
        ],
        "beta_superlinear": true,
        "r2": 0.9829819354507402,
        "n": 8,
        "dof": 6,
        "crit_method": "t-table"
      },
      "llama_index_task/task17244/f1_f2_f3": {
        "target": "dollar_cost[comm]",
        "model": "y(N) = alpha*N + beta*N^2",
        "alpha": -0.0644801624999971,
        "alpha_se": 0.2549587409515691,
        "alpha_ci95": [
          -0.6883642016084868,
          0.5594038766084926
        ],
        "beta": 0.29088251249999963,
        "beta_se": 0.09333740339524237,
        "beta_ci95": [
          0.06248588639184155,
          0.5192791386081577
        ],
        "beta_superlinear": true,
        "r2": 0.9795932550822035,
        "n": 8,
        "dof": 6,
        "crit_method": "t-table"
      },
      "pillow_task/task25/f2_f3_f4": {
        "target": "dollar_cost[comm]",
        "model": "y(N) = alpha*N + beta*N^2",
        "alpha": 0.8001881250000054,
        "alpha_se": 0.28272214396455103,
        "alpha_ci95": [
          0.10836703871874898,
          1.4920092112812617
        ],
        "beta": 0.06329602499999964,
        "beta_se": 0.10350125946456466,
        "beta_ci95": [
          -0.18997155690979012,
          0.3165636069097894
        ],
        "beta_superlinear": false,
        "r2": 0.9856872470210071,
        "n": 8,
        "dof": 6,
        "crit_method": "t-table"
      }
    },
    "aggregate_beta": {
      "n_pools_fit": 6,
      "beta_mean": 0.2066933229166663,
      "beta_sd": 0.2188921397871196,
      "beta_se": 0.08936234186406852
    }
  },
  "failure_mix": {
    "all": {
      "1": {
        "n_runs": 24,
        "success": 0.0,
        "capability_fail": 0.0,
        "merge_conflict": 0.0,
        "merged_but_tests_fail": 0.0
      },
      "2": {
        "n_runs": 24,
        "success": 0.0,
        "capability_fail": 0.0,
        "merge_conflict": 0.0,
        "merged_but_tests_fail": 0.0
      },
      "3": {
        "n_runs": 24,
        "success": 0.0,
        "capability_fail": 0.0,
        "merge_conflict": 0.0,
        "merged_but_tests_fail": 0.0
      }
    },
    "comm": {
      "2": {
        "n_runs": 24,
        "success": 0.0,
        "capability_fail": 0.0,
        "merge_conflict": 0.0,
        "merged_but_tests_fail": 0.0
      },
      "3": {
        "n_runs": 24,
        "success": 0.0,
        "capability_fail": 0.0,
        "merge_conflict": 0.0,
        "merged_but_tests_fail": 0.0
      }
    },
    "nocomm": {
      "1": {
        "n_runs": 24,
        "success": 0.0,
        "capability_fail": 0.0,
        "merge_conflict": 0.0,
        "merged_but_tests_fail": 0.0
      }
    }
  },
  "driver_regression": {
    "overall": {
      "error": "singular design",
      "n": 72
    },
    "per_N": {
      "1": {
        "error": "singular design",
        "n": 24
      },
      "2": {
        "error": "singular design",
        "n": 24
      },
      "3": {
        "error": "singular design",